Time,Data
1708123023.1244524,0.7407704109126289
1708123024.125121,0.8193077122187371
1708123025.1262045,0.21013574284058467
1708123026.127387,0.8628957338456804
1708123027.1282923,0.4130115066605403
1708123028.1293085,0.761240289431108
1708123029.1302323,0.14468024093379983
1708123030.1313741,0.20048497178024483
1708123031.1324618,0.6334524874302974
1708123032.1336644,0.9199079292940628
